InventoryID,ProductID,RegionID,StockLevel,LastRestockDate
1,44,3,309,2023-08-08
2,199,2,474,2023-06-04
3,57,8,253,2023-10-13
4,39,5,400,2023-06-03
5,183,3,286,2023-07-28
6,172,6,345,2023-08-16
7,59,8,91,2023-02-05
8,68,5,322,2023-09-21
9,94,6,427,2023-08-12
10,149,1,497,2023-11-27
11,181,1,145,2023-08-18
12,3,5,183,2023-10-29
13,29,5,430,2023-03-13
14,109,6,94,2023-01-04
15,172,6,37,2023-05-30
16,35,5,439,2023-06-13
17,45,7,320,2023-06-01
18,60,2,9,2023-07-24
19,37,7,362,2023-10-19
20,125,6,296,2023-02-02
21,149,8,43,2023-05-07
22,134,2,366,2023-06-28
23,137,7,168,2023-06-12
24,158,2,101,2023-04-26
25,126,8,104,2023-07-14
26,108,4,451,2023-10-12
27,80,4,216,2023-10-07
28,70,5,354,2023-01-03
29,6,7,9,2023-01-22
30,110,1,269,2023-02-06
31,166,3,226,2023-07-27
32,63,2,372,2023-08-04
33,111,6,56,2023-11-27
34,115,3,465,2023-07-09
35,183,5,148,2023-09-21
36,48,8,247,2023-12-12
37,131,3,445,2023-12-01
38,21,2,28,2023-02-04
39,187,7,192,2023-11-03
40,27,2,199,2023-08-09
41,36,2,182,2023-11-07
42,120,3,454,2023-05-27
43,12,1,11,2023-07-02
44,50,3,434,2023-12-28
45,137,3,408,2023-05-11
46,148,7,489,2023-05-16
47,176,6,161,2023-12-13
48,152,2,434,2023-01-29
49,197,5,321,2023-07-17
50,151,6,312,2023-11-19
51,118,8,466,2023-08-05
52,94,7,322,2023-12-10
53,34,5,61,2023-07-15
54,24,1,48,2023-08-29
55,195,6,106,2023-07-22
56,170,1,440,2023-05-13
57,182,6,158,2023-06-12
58,24,8,126,2023-07-30
59,61,7,394,2023-07-21
60,148,4,283,2023-10-28
61,9,1,119,2023-08-24
62,99,3,46,2023-10-12
63,103,7,65,2023-11-08
64,93,4,313,2023-01-24
65,159,6,220,2023-05-12
66,157,5,456,2023-08-20
67,121,2,426,2023-12-08
68,91,2,105,2023-01-25
69,84,1,65,2023-10-04
70,141,3,96,2023-06-24
71,15,6,294,2023-06-06
72,137,4,124,2023-12-07
73,191,2,110,2023-09-03
74,136,6,37,2023-01-29
75,84,2,19,2023-01-08
76,143,6,164,2023-01-15
77,22,8,268,2023-01-18
78,87,6,67,2023-09-25
79,185,3,277,2023-11-08
80,200,2,376,2023-12-16
81,161,4,147,2023-07-16
82,93,4,291,2023-06-19
83,35,1,383,2023-07-01
84,156,8,453,2023-01-22
85,67,6,385,2023-04-27
86,67,3,139,2023-07-11
87,183,1,392,2023-11-18
88,106,8,104,2023-12-06
89,104,1,384,2023-04-15
90,171,4,284,2023-06-12
91,1,4,463,2023-11-03
92,2,1,155,2023-01-10
93,150,7,156,2023-05-17
94,124,2,9,2023-11-23
95,99,7,182,2023-09-02
96,121,2,391,2023-06-03
97,184,2,382,2023-11-23
98,62,6,102,2023-05-08
99,191,2,91,2023-02-28
100,184,2,81,2023-12-11
101,68,6,227,2023-10-22
102,42,5,443,2023-12-15
103,54,8,241,2023-02-21
104,158,8,186,2023-09-25
105,35,3,200,2023-05-26
106,30,4,315,2023-05-14
107,192,2,110,2023-06-02
108,159,8,44,2023-04-08
109,34,3,21,2023-09-06
110,22,1,262,2023-06-11
111,44,4,116,2023-05-20
112,106,5,310,2023-06-07
113,160,8,146,2023-11-01
114,97,2,12,2023-05-19
115,195,2,234,2023-10-02
116,110,2,17,2023-05-19
117,152,5,499,2023-08-27
118,180,4,375,2023-03-04
119,36,7,490,2023-01-19
120,65,8,3,2023-01-23
121,2,3,149,2023-07-30
122,58,5,4,2023-11-19
123,194,7,164,2023-07-29
124,96,6,118,2023-04-30
125,51,6,39,2023-05-28
126,189,2,318,2023-05-10
127,84,6,245,2023-02-05
128,174,8,173,2023-08-13
129,115,8,11,2023-03-11
130,123,3,352,2023-07-22
131,160,4,466,2023-02-02
132,37,1,128,2023-09-10
133,117,1,77,2023-10-31
134,14,7,388,2023-12-03
135,168,6,135,2023-06-02
136,82,8,243,2023-08-14
137,193,7,107,2023-10-30
138,20,8,368,2023-04-30
139,152,8,257,2023-01-05
140,40,3,120,2023-01-29
141,125,7,33,2023-11-09
142,159,3,38,2023-06-11
143,125,1,359,2023-12-15
144,160,3,287,2023-08-21
145,178,7,150,2023-10-14
146,89,8,230,2023-01-27
147,183,2,135,2023-09-02
148,83,4,488,2023-12-12
149,7,1,397,2023-05-13
150,81,2,475,2023-11-03
151,197,3,262,2023-11-18
152,67,7,49,2023-12-05
153,197,8,171,2023-08-28
154,173,1,77,2023-04-16
155,155,3,86,2023-03-27
156,143,2,68,2023-09-04
157,39,8,263,2023-11-25
158,171,6,232,2023-10-10
159,7,8,260,2023-05-10
160,40,4,338,2023-10-13
161,106,5,387,2023-10-19
162,159,1,418,2023-12-28
163,173,8,68,2023-05-03
164,122,2,471,2023-07-09
165,94,8,174,2023-06-26
166,190,3,490,2023-09-04
167,154,2,377,2023-01-07
168,83,7,362,2023-05-27
169,53,7,353,2023-06-12
170,24,7,160,2023-11-13
171,134,2,149,2023-03-25
172,168,5,95,2023-12-03
173,71,2,155,2023-08-20
174,160,4,79,2023-11-20
175,21,1,65,2023-05-29
176,164,8,233,2023-12-28
177,163,5,169,2023-09-26
178,169,1,288,2023-06-19
179,16,1,223,2023-11-30
180,3,3,409,2023-10-06
181,15,8,297,2023-10-14
182,51,6,52,2023-06-19
183,195,5,23,2023-10-26
184,57,8,138,2023-03-14
185,109,1,330,2023-02-03
186,34,2,300,2023-10-20
187,74,3,97,2023-09-16
188,167,2,150,2023-04-21
189,123,6,201,2023-08-27
190,158,2,39,2023-11-12
191,193,5,373,2023-03-29
192,198,4,427,2023-11-06
193,103,1,383,2023-08-21
194,92,2,59,2023-12-28
195,47,1,35,2023-11-11
196,166,6,39,2023-01-27
197,145,8,242,2023-06-22
198,63,6,317,2023-02-08
199,132,5,150,2023-11-17
200,20,5,449,2023-12-06
201,70,4,320,2023-01-03
202,29,4,407,2023-03-20
203,73,2,76,2023-01-07
204,154,3,353,2023-06-23
205,143,3,449,2023-01-30
206,149,6,144,2023-06-30
207,74,5,43,2023-03-31
208,46,3,132,2023-08-30
209,78,6,269,2023-04-10
210,31,4,350,2023-03-16
211,30,5,460,2023-05-05
212,10,5,207,2023-03-03
213,112,7,450,2023-10-01
214,48,6,163,2023-01-01
215,56,1,418,2023-09-10
216,62,6,155,2023-03-11
217,88,4,309,2023-10-06
218,54,8,398,2023-11-27
219,199,3,85,2023-08-22
220,132,8,0,2023-12-01
221,117,7,321,2023-11-02
222,14,4,125,2023-12-15
223,60,3,86,2023-01-06
224,90,2,399,2023-01-25
225,150,1,127,2023-10-13
226,116,2,351,2023-08-15
227,108,3,122,2023-09-07
228,182,7,481,2023-05-16
229,54,5,208,2023-12-07
230,52,3,426,2023-04-07
231,180,1,1,2023-04-21
232,24,4,158,2023-10-01
233,89,5,88,2023-03-21
234,141,1,30,2023-04-07
235,160,8,180,2023-05-13
236,35,7,371,2023-10-07
237,69,5,376,2023-11-16
238,26,4,495,2023-10-04
239,64,4,492,2023-03-21
240,21,4,91,2023-05-12
241,108,2,123,2023-09-04
242,88,2,52,2023-01-08
243,129,3,444,2023-08-02
244,42,5,73,2023-03-09
245,137,1,462,2023-11-09
246,100,1,488,2023-01-04
247,124,4,487,2023-03-23
248,101,7,387,2023-02-15
249,1,6,492,2023-07-10
250,156,1,108,2023-06-03
251,177,7,346,2023-01-02
252,4,3,139,2023-08-28
253,146,1,500,2023-12-03
254,25,2,381,2023-09-25
255,148,8,101,2023-02-19
256,191,6,266,2023-10-01
257,62,2,339,2023-11-20
258,7,5,171,2023-11-11
259,100,3,163,2023-12-31
260,36,7,386,2023-01-21
261,107,3,251,2023-10-29
262,86,6,371,2023-03-12
263,1,2,148,2023-04-30
264,33,5,65,2023-11-19
265,11,1,69,2023-11-02
266,180,1,164,2023-11-24
267,34,1,134,2023-03-18
268,175,7,194,2023-09-18
269,19,6,381,2023-06-27
270,67,4,96,2023-10-24
271,83,4,100,2023-06-28
272,65,2,287,2023-02-02
273,4,1,259,2023-06-23
274,98,6,137,2023-07-28
275,138,1,415,2023-12-04
276,47,5,283,2023-06-13
277,95,4,17,2023-03-09
278,185,5,330,2023-05-04
279,177,4,59,2023-10-24
280,27,8,441,2023-11-10
281,167,8,442,2023-05-27
282,6,7,18,2023-02-14
283,134,6,128,2023-08-22
284,170,5,60,2023-01-21
285,52,5,378,2023-05-22
286,137,1,196,2023-05-08
287,135,3,222,2023-04-10
288,66,8,114,2023-05-02
289,71,2,90,2023-01-18
290,98,8,166,2023-07-05
291,41,7,357,2023-03-12
292,106,2,248,2023-10-22
293,61,6,132,2023-03-19
294,126,2,50,2023-11-21
295,9,5,419,2023-06-10
296,147,3,272,2023-11-08
297,96,7,57,2023-07-26
298,11,6,142,2023-02-16
299,176,6,262,2023-09-08
300,15,1,268,2023-09-11
301,25,7,77,2023-12-13
302,132,8,45,2023-10-20
303,66,4,456,2023-09-22
304,8,6,298,2023-07-27
305,171,7,32,2023-09-28
306,20,4,451,2023-03-20
307,93,3,419,2023-01-18
308,130,5,171,2023-06-29
309,53,4,336,2023-02-27
310,50,5,123,2023-04-14
311,15,5,112,2023-03-28
312,20,4,100,2023-07-16
313,37,8,172,2023-10-10
314,65,2,101,2023-04-09
315,131,2,212,2023-01-18
316,12,6,415,2023-11-07
317,54,4,106,2023-09-13
318,92,2,69,2023-03-27
319,39,6,205,2023-07-27
320,119,8,177,2023-03-14
321,94,6,211,2023-10-31
322,111,5,446,2023-06-26
323,161,2,45,2023-08-29
324,159,7,323,2023-01-04
325,102,3,365,2023-07-12
326,77,5,20,2023-01-25
327,48,4,23,2023-03-20
328,112,5,450,2023-05-25
329,39,8,290,2023-08-19
330,91,8,348,2023-08-14
331,18,6,240,2023-11-08
332,46,8,75,2023-01-16
333,58,6,367,2023-01-07
334,180,2,440,2023-02-28
335,51,7,253,2023-11-13
336,143,7,65,2023-03-29
337,199,3,311,2023-11-06
338,146,2,332,2023-06-19
339,114,6,111,2023-11-19
340,143,3,368,2023-02-24
341,105,8,464,2023-09-03
342,146,4,302,2023-11-08
343,197,6,70,2023-03-11
344,188,3,160,2023-02-26
345,182,2,328,2023-10-11
346,80,6,366,2023-05-17
347,125,7,56,2023-07-14
348,122,6,224,2023-12-08
349,124,4,294,2023-06-28
350,191,3,152,2023-08-10
351,183,2,148,2023-01-25
352,16,5,42,2023-07-27
353,16,5,345,2023-08-06
354,12,6,80,2023-04-16
355,158,7,430,2023-02-25
356,44,7,181,2023-08-05
357,47,2,301,2023-10-28
358,48,8,87,2023-05-08
359,171,7,497,2023-01-15
360,104,7,218,2023-10-23
361,150,7,108,2023-10-04
362,99,1,496,2023-10-29
363,11,8,373,2023-12-27
364,157,6,442,2023-05-09
365,189,5,96,2023-07-30
366,9,3,274,2023-09-03
367,49,5,133,2023-01-27
368,133,6,113,2023-07-11
369,143,8,343,2023-02-20
370,158,5,406,2023-10-22
371,87,4,8,2023-03-26
372,176,7,17,2023-04-30
373,40,7,307,2023-07-21
374,94,5,495,2023-02-25
375,71,8,38,2023-01-28
376,148,8,286,2023-06-21
377,153,1,310,2023-12-17
378,160,8,300,2023-07-10
379,158,3,5,2023-08-20
380,17,5,103,2023-01-30
381,65,6,182,2023-08-05
382,179,3,17,2023-07-19
383,11,8,114,2023-12-04
384,88,6,451,2023-09-20
385,72,4,117,2023-09-20
386,20,3,273,2023-11-23
387,157,7,282,2023-09-29
388,93,1,45,2023-12-29
389,156,4,133,2023-10-21
390,61,7,398,2023-07-30
391,43,5,155,2023-05-16
392,145,7,129,2023-11-10
393,96,5,215,2023-07-22
394,197,8,132,2023-11-11
395,71,7,130,2023-09-22
396,145,6,81,2023-11-14
397,79,3,195,2023-05-10
398,65,2,287,2023-04-16
399,9,1,29,2023-04-20
400,53,8,337,2023-05-14
401,96,3,268,2023-12-20
402,130,5,40,2023-09-07
403,157,8,395,2023-07-24
404,78,7,162,2023-11-06
405,91,5,245,2023-06-24
406,21,5,179,2023-06-15
407,94,2,212,2023-07-01
408,45,8,407,2023-03-05
409,156,8,272,2023-05-13
410,140,2,357,2023-04-26
411,31,7,420,2023-03-17
412,199,4,37,2023-12-04
413,53,5,163,2023-08-20
414,157,3,295,2023-02-09
415,72,7,368,2023-10-30
416,57,7,154,2023-10-06
417,51,7,468,2023-08-25
418,16,7,103,2023-11-13
419,9,6,472,2023-12-02
420,78,7,59,2023-12-25
421,141,1,212,2023-04-27
422,154,1,262,2023-11-03
423,87,6,175,2023-03-18
424,184,8,319,2023-11-20
425,140,7,378,2023-01-28
426,69,1,26,2023-10-12
427,21,1,442,2023-11-21
428,185,5,59,2023-06-29
429,82,2,490,2023-05-01
430,172,3,245,2023-09-21
431,21,1,315,2023-01-05
432,198,4,398,2023-04-04
433,108,1,426,2023-02-21
434,74,5,340,2023-02-09
435,99,8,313,2023-08-24
436,119,3,313,2023-05-11
437,188,2,102,2023-09-20
438,133,7,180,2023-04-10
439,137,8,52,2023-05-04
440,151,7,241,2023-04-18
441,146,5,28,2023-03-17
442,41,8,202,2023-03-07
443,117,8,91,2023-05-07
444,169,5,400,2023-10-08
445,42,5,126,2023-07-22
446,167,5,31,2023-03-19
447,47,3,150,2023-02-16
448,179,5,379,2023-02-25
449,14,8,248,2023-07-04
450,9,1,244,2023-04-21
451,124,6,143,2023-04-24
452,35,7,98,2023-02-12
453,150,1,399,2023-01-07
454,83,6,137,2023-12-22
455,77,1,433,2023-11-13
456,95,1,225,2023-01-15
457,100,3,412,2023-07-30
458,150,1,276,2023-05-06
459,176,2,153,2023-11-26
460,164,5,234,2023-01-19
461,165,1,427,2023-02-19
462,19,8,254,2023-10-13
463,102,5,404,2023-10-25
464,200,3,222,2023-03-25
465,50,3,237,2023-04-23
466,180,5,310,2023-07-07
467,134,3,282,2023-10-22
468,136,8,295,2023-06-22
469,194,1,373,2023-06-27
470,85,5,103,2023-10-18
471,134,5,61,2023-04-29
472,33,4,130,2023-07-05
473,99,8,2,2023-04-06
474,156,3,185,2023-02-09
475,95,8,175,2023-08-15
476,177,4,179,2023-12-26
477,68,2,447,2023-08-23
478,25,5,318,2023-07-08
479,183,3,110,2023-03-25
480,139,8,306,2023-10-10
481,48,4,14,2023-02-19
482,27,3,451,2023-09-06
483,47,1,209,2023-09-09
484,47,8,142,2023-12-10
485,107,2,282,2023-03-27
486,109,1,422,2023-05-05
487,22,3,300,2023-05-11
488,147,6,12,2023-02-05
489,7,4,295,2023-11-18
490,136,5,481,2023-08-15
491,172,1,409,2023-12-19
492,120,7,131,2023-06-02
493,69,3,162,2023-08-12
494,125,4,47,2023-08-12
495,141,8,286,2023-06-27
496,12,8,338,2023-02-03
497,156,6,86,2023-03-25
498,64,4,382,2023-08-08
499,20,5,224,2023-11-15
500,124,5,225,2023-04-25
501,125,5,482,2023-06-17
502,194,3,250,2023-03-22
503,155,2,250,2023-01-17
504,112,1,329,2023-11-05
505,56,8,157,2023-06-23
506,185,6,192,2023-03-15
507,50,4,141,2023-11-15
508,56,6,331,2023-07-03
509,52,7,435,2023-10-10
510,146,6,214,2023-01-29
511,89,6,333,2023-06-29
512,117,8,133,2023-10-12
513,35,3,495,2023-09-02
514,17,6,335,2023-05-04
515,197,8,364,2023-08-09
516,139,6,148,2023-09-07
517,147,6,296,2023-12-30
518,163,1,369,2023-03-11
519,69,2,205,2023-03-06
520,28,7,483,2023-03-27
521,1,5,235,2023-10-06
522,92,5,486,2023-10-26
523,191,1,180,2023-08-15
524,12,3,486,2023-11-23
525,39,2,283,2023-10-05
526,7,6,346,2023-06-15
527,39,8,388,2023-12-19
528,179,6,167,2023-03-21
529,74,7,11,2023-11-16
530,124,6,394,2023-04-03
531,165,5,259,2023-09-14
532,8,2,201,2023-05-08
533,180,6,375,2023-12-16
534,181,8,476,2023-04-24
535,60,8,394,2023-11-08
536,178,2,31,2023-06-27
537,76,5,31,2023-01-04
538,110,1,357,2023-05-01
539,161,6,111,2023-11-09
540,152,7,7,2023-07-13
541,117,6,475,2023-02-15
542,122,8,375,2023-02-16
543,161,3,222,2023-09-22
544,192,4,115,2023-10-25
545,52,7,55,2023-08-14
546,16,3,482,2023-10-05
547,120,4,340,2023-08-04
548,22,4,381,2023-09-28
549,157,1,288,2023-10-18
550,12,5,369,2023-09-09
551,129,4,149,2023-06-27
552,100,6,115,2023-03-23
553,100,5,492,2023-07-04
554,79,2,265,2023-10-12
555,3,3,43,2023-11-29
556,134,7,3,2023-11-24
557,28,8,355,2023-03-07
558,37,2,468,2023-01-13
559,56,3,24,2023-01-12
560,134,5,446,2023-02-19
561,76,7,309,2023-03-13
562,156,1,7,2023-06-03
563,114,2,4,2023-11-23
564,4,5,112,2023-05-02
565,85,5,324,2023-01-20
566,165,2,412,2023-07-17
567,170,8,94,2023-02-02
568,85,8,50,2023-11-30
569,113,5,90,2023-11-11
570,143,6,16,2023-05-22
571,197,7,351,2023-09-25
572,2,4,140,2023-06-18
573,167,6,79,2023-08-29
574,25,5,254,2023-05-25
575,103,1,209,2023-08-01
576,170,1,4,2023-03-03
577,163,7,105,2023-12-20
578,34,7,220,2023-11-19
579,71,3,262,2023-06-28
580,46,7,396,2023-10-02
581,192,6,284,2023-09-30
582,21,8,389,2023-08-11
583,47,7,419,2023-08-14
584,195,7,197,2023-01-27
585,170,2,435,2023-06-29
586,142,4,340,2023-11-02
587,126,6,84,2023-06-06
588,173,6,299,2023-03-05
589,9,7,36,2023-11-16
590,53,5,330,2023-02-12
591,147,6,118,2023-05-17
592,145,1,335,2023-09-12
593,95,3,299,2023-10-10
594,100,7,220,2023-02-10
595,171,6,205,2023-07-04
596,162,3,196,2023-02-25
597,163,6,121,2023-01-15
598,100,1,303,2023-08-17
599,21,7,209,2023-03-27
600,108,6,225,2023-09-18
601,50,3,47,2023-07-27
602,84,4,406,2023-10-10
603,83,4,291,2023-10-16
604,74,1,426,2023-08-14
605,153,1,313,2023-08-28
606,110,3,182,2023-02-14
607,186,7,458,2023-05-19
608,61,8,201,2023-01-27
609,150,5,257,2023-10-07
610,36,1,435,2023-06-11
611,102,2,318,2023-10-25
612,148,3,488,2023-09-04
613,166,3,20,2023-06-20
614,54,3,254,2023-08-23
615,64,2,291,2023-09-21
616,164,4,71,2023-05-10
617,140,2,182,2023-09-24
618,144,2,102,2023-11-27
619,156,7,203,2023-05-18
620,91,6,62,2023-11-26
621,169,8,458,2023-10-19
622,137,6,30,2023-02-06
623,89,8,196,2023-08-28
624,90,5,287,2023-08-10
625,42,5,258,2023-07-18
626,30,8,142,2023-10-22
627,162,4,40,2023-11-04
628,61,4,18,2023-07-28
629,105,1,447,2023-07-12
630,103,6,356,2023-07-05
631,45,8,94,2023-01-26
632,21,3,139,2023-11-30
633,104,8,8,2023-02-17
634,155,7,424,2023-09-14
635,33,3,349,2023-11-11
636,95,4,476,2023-05-22
637,186,8,100,2023-09-16
638,14,5,33,2023-07-24
639,7,8,159,2023-06-07
640,184,7,71,2023-10-11
641,89,8,15,2023-08-30
642,2,5,40,2023-05-31
643,55,3,328,2023-09-08
644,92,7,398,2023-12-22
645,153,1,336,2023-02-09
646,143,3,400,2023-06-19
647,78,3,74,2023-10-16
648,174,4,20,2023-05-23
649,166,4,39,2023-10-07
650,2,5,373,2023-07-18
651,153,3,160,2023-01-11
652,193,2,414,2023-06-07
653,153,7,93,2023-10-12
654,32,7,75,2023-06-09
655,40,7,146,2023-06-06
656,100,2,10,2023-03-06
657,162,5,369,2023-07-09
658,195,4,336,2023-11-28
659,195,8,404,2023-09-16
660,150,2,83,2023-06-06
661,123,1,91,2023-10-11
662,108,6,451,2023-09-01
663,21,3,99,2023-11-16
664,69,2,255,2023-10-05
665,8,5,104,2023-09-25
666,35,2,101,2023-09-03
667,13,7,133,2023-04-09
668,141,5,43,2023-06-05
669,196,1,376,2023-01-08
670,38,6,312,2023-11-13
671,100,8,352,2023-11-07
672,77,4,368,2023-07-03
673,154,8,311,2023-09-22
674,63,4,437,2023-01-13
675,16,1,410,2023-11-06
676,52,7,462,2023-06-06
677,188,6,37,2023-11-15
678,120,1,312,2023-01-12
679,83,7,341,2023-05-30
680,71,5,137,2023-06-07
681,158,8,22,2023-11-13
682,161,1,430,2023-04-22
683,26,7,53,2023-08-31
684,157,8,298,2023-11-25
685,189,4,416,2023-07-19
686,198,4,470,2023-03-29
687,108,4,245,2023-02-22
688,192,2,76,2023-08-01
689,144,7,274,2023-12-16
690,59,7,286,2023-07-12
691,178,7,434,2023-09-09
692,42,6,463,2023-07-03
693,192,4,198,2023-05-30
694,76,1,236,2023-07-30
695,191,1,367,2023-07-26
696,171,2,499,2023-07-21
697,51,1,316,2023-10-17
698,5,1,55,2023-04-28
699,99,4,284,2023-06-01
700,107,4,477,2023-03-13
701,189,4,115,2023-04-24
702,81,5,279,2023-05-03
703,18,1,210,2023-10-11
704,55,4,272,2023-07-13
705,6,7,303,2023-09-24
706,4,2,499,2023-04-16
707,149,2,380,2023-05-04
708,94,7,89,2023-08-07
709,1,3,267,2023-06-28
710,72,5,352,2023-03-13
711,85,1,251,2023-11-02
712,60,6,146,2023-05-27
713,33,3,297,2023-10-29
714,82,3,161,2023-11-12
715,176,2,342,2023-03-14
716,183,5,209,2023-11-26
717,72,4,380,2023-09-05
718,172,6,390,2023-02-22
719,88,5,170,2023-05-16
720,114,4,337,2023-06-13
721,64,5,327,2023-09-22
722,90,2,237,2023-10-15
723,69,2,367,2023-07-15
724,16,6,66,2023-05-12
725,113,7,393,2023-12-21
726,37,7,221,2023-10-07
727,131,2,180,2023-02-15
728,185,8,198,2023-12-02
729,37,4,466,2023-02-17
730,162,8,46,2023-11-30
731,102,8,455,2023-04-10
732,139,2,249,2023-04-15
733,144,6,360,2023-04-02
734,59,8,19,2023-11-29
735,176,4,117,2023-02-10
736,108,4,264,2023-01-06
737,175,8,45,2023-09-01
738,62,6,500,2023-01-11
739,15,7,276,2023-07-05
740,193,6,394,2023-01-14
741,75,8,318,2023-06-25
742,183,2,496,2023-12-23
743,154,7,194,2023-05-18
744,133,8,397,2023-06-13
745,98,5,247,2023-01-02
746,191,3,218,2023-06-20
747,79,7,127,2023-10-07
748,76,5,30,2023-01-03
749,21,4,340,2023-06-26
750,101,3,222,2023-06-10
751,172,4,257,2023-02-01
752,29,4,449,2023-03-07
753,134,1,304,2023-01-06
754,31,3,137,2023-05-26
755,3,1,407,2023-08-25
756,75,4,433,2023-12-01
757,3,1,343,2023-07-14
758,168,4,15,2023-11-01
759,36,2,213,2023-07-31
760,117,1,329,2023-12-14
761,130,8,248,2023-08-31
762,17,1,484,2023-02-27
763,6,5,100,2023-11-12
764,79,2,148,2023-05-05
765,195,8,292,2023-06-03
766,39,5,95,2023-10-17
767,125,8,348,2023-12-17
768,158,1,170,2023-06-02
769,74,8,457,2023-01-23
770,186,5,17,2023-04-12
771,151,7,118,2023-10-06
772,180,4,12,2023-02-14
773,121,6,226,2023-05-10
774,75,6,226,2023-11-09
775,100,3,314,2023-08-17
776,72,2,110,2023-07-05
777,21,2,226,2023-08-22
778,1,8,436,2023-02-15
779,175,1,172,2023-11-10
780,191,1,420,2023-02-21
781,89,1,78,2023-11-07
782,95,7,39,2023-12-26
783,134,2,231,2023-07-23
784,197,8,145,2023-04-03
785,73,2,158,2023-04-17
786,134,6,319,2023-07-30
787,88,5,278,2023-12-12
788,193,5,311,2023-06-13
789,23,3,144,2023-03-14
790,162,7,39,2023-07-28
791,183,3,73,2023-01-10
792,183,2,310,2023-07-10
793,99,2,145,2023-09-16
794,95,6,260,2023-08-16
795,173,7,73,2023-02-08
796,45,5,454,2023-09-05
797,45,3,90,2023-10-14
798,133,7,90,2023-08-07
799,198,3,136,2023-09-16
800,118,7,307,2023-06-04
801,23,5,299,2023-04-29
802,159,3,470,2023-12-24
803,78,1,150,2023-01-25
804,163,2,67,2023-06-16
805,20,1,493,2023-12-30
806,175,1,397,2023-06-14
807,52,5,235,2023-10-25
808,140,6,289,2023-01-10
809,80,8,442,2023-08-19
810,78,2,473,2023-03-26
811,75,3,74,2023-12-12
812,146,3,480,2023-08-13
813,44,6,310,2023-11-19
814,134,4,56,2023-11-03
815,190,4,289,2023-04-20
816,90,3,447,2023-09-10
817,106,1,246,2023-07-07
818,169,6,243,2023-10-02
819,12,4,218,2023-01-01
820,106,7,111,2023-08-11
821,196,1,309,2023-08-10
822,25,3,167,2023-03-13
823,23,4,378,2023-01-09
824,106,4,424,2023-01-19
825,52,6,429,2023-06-19
826,81,6,189,2023-05-07
827,24,7,210,2023-12-28
828,187,1,384,2023-12-08
829,183,8,454,2023-10-19
830,65,4,192,2023-11-15
831,153,2,178,2023-09-09
832,153,8,103,2023-11-16
833,31,4,363,2023-10-26
834,104,2,303,2023-11-11
835,49,4,338,2023-07-02
836,133,7,223,2023-11-20
837,160,1,16,2023-09-20
838,152,1,309,2023-10-21
839,149,2,212,2023-01-11
840,197,7,173,2023-03-03
841,171,7,158,2023-03-29
842,38,4,191,2023-04-23
843,36,8,484,2023-03-22
844,18,2,208,2023-04-08
845,11,2,450,2023-09-15
846,131,1,467,2023-03-29
847,77,8,3,2023-07-29
848,152,5,376,2023-06-16
849,46,2,56,2023-09-18
850,142,2,31,2023-09-19
851,182,8,328,2023-08-04
852,135,3,372,2023-11-21
853,66,7,189,2023-06-01
854,53,1,486,2023-10-27
855,121,2,230,2023-01-16
856,142,4,44,2023-02-18
857,73,8,460,2023-12-18
858,39,7,215,2023-09-16
859,22,6,378,2023-01-24
860,160,1,142,2023-12-07
861,86,1,467,2023-06-17
862,90,7,99,2023-11-15
863,159,3,28,2023-07-03
864,75,5,397,2023-11-07
865,72,1,338,2023-03-06
866,82,8,111,2023-09-19
867,6,2,85,2023-05-21
868,30,7,374,2023-12-15
869,186,5,84,2023-08-31
870,162,6,109,2023-12-06
871,110,7,66,2023-03-02
872,124,7,19,2023-09-20
873,106,4,276,2023-11-17
874,160,6,298,2023-07-05
875,88,3,493,2023-01-21
876,144,2,255,2023-01-23
877,14,3,46,2023-12-21
878,41,4,458,2023-06-14
879,191,4,269,2023-09-01
880,10,3,479,2023-07-01
881,152,5,430,2023-01-07
882,50,3,271,2023-01-17
883,56,8,222,2023-01-29
884,20,5,312,2023-08-15
885,49,7,459,2023-08-30
886,93,5,96,2023-07-30
887,11,5,281,2023-04-17
888,74,7,5,2023-06-02
889,89,5,399,2023-01-31
890,36,5,302,2023-04-12
891,105,8,382,2023-03-22
892,147,3,109,2023-11-14
893,108,2,199,2023-02-16
894,121,4,500,2023-07-01
895,54,2,319,2023-08-29
896,18,7,139,2023-07-06
897,11,4,499,2023-11-20
898,56,2,81,2023-12-19
899,190,6,366,2023-11-22
900,98,7,149,2023-04-18
901,175,3,484,2023-05-03
902,36,5,121,2023-09-08
903,104,7,429,2023-08-28
904,146,8,28,2023-10-23
905,3,7,320,2023-09-29
906,134,2,420,2023-02-14
907,73,5,475,2023-10-01
908,78,2,365,2023-03-08
909,50,3,498,2023-02-03
910,33,1,192,2023-05-02
911,4,2,69,2023-11-10
912,137,5,448,2023-06-10
913,13,2,22,2023-11-01
914,9,8,110,2023-02-07
915,20,8,392,2023-02-05
916,12,6,415,2023-06-05
917,116,5,335,2023-02-19
918,151,6,160,2023-04-07
919,66,7,44,2023-03-12
920,90,2,468,2023-09-30
921,20,4,54,2023-01-15
922,87,3,101,2023-03-21
923,150,6,122,2023-11-17
924,178,2,280,2023-09-21
925,74,4,355,2023-04-30
926,86,2,349,2023-11-09
927,174,6,99,2023-09-27
928,26,4,256,2023-12-26
929,33,2,157,2023-10-31
930,158,5,460,2023-05-02
931,94,1,146,2023-11-09
932,34,1,325,2023-04-12
933,114,4,156,2023-05-13
934,45,6,270,2023-06-08
935,16,5,134,2023-01-19
936,72,8,477,2023-06-30
937,125,1,293,2023-12-17
938,56,6,383,2023-06-15
939,102,8,104,2023-08-08
940,137,5,402,2023-02-10
941,155,1,425,2023-05-31
942,55,5,89,2023-01-18
943,10,7,430,2023-11-02
944,57,3,371,2023-02-19
945,40,8,288,2023-08-03
946,19,1,491,2023-05-27
947,70,6,224,2023-12-14
948,4,3,62,2023-10-22
949,34,2,379,2023-07-14
950,51,2,171,2023-09-14
951,196,6,434,2023-11-05
952,124,3,1,2023-02-08
953,163,6,107,2023-11-29
954,95,4,105,2023-03-31
955,161,4,75,2023-01-09
956,95,3,444,2023-11-12
957,171,5,341,2023-08-25
958,39,2,263,2023-01-20
959,196,2,399,2023-06-01
960,11,2,300,2023-04-28
961,123,5,462,2023-12-04
962,94,7,296,2023-03-05
963,49,5,494,2023-06-08
964,198,3,351,2023-03-12
965,170,1,234,2023-10-24
966,80,3,235,2023-08-12
967,26,3,354,2023-02-03
968,92,4,198,2023-10-07
969,173,5,54,2023-08-09
970,165,6,101,2023-10-03
971,197,1,7,2023-12-02
972,148,4,180,2023-08-03
973,89,5,389,2023-12-26
974,108,5,278,2023-10-09
975,64,7,104,2023-02-24
976,125,2,297,2023-02-13
977,184,5,488,2023-05-14
978,115,4,296,2023-02-03
979,162,3,92,2023-01-10
980,138,6,496,2023-05-09
981,46,4,263,2023-02-20
982,32,5,303,2023-03-21
983,17,6,483,2023-11-04
984,71,3,383,2023-10-09
985,40,7,366,2023-09-30
986,88,3,310,2023-05-03
987,86,1,87,2023-03-06
988,58,6,362,2023-01-17
989,51,5,429,2023-06-25
990,155,4,150,2023-07-08
991,11,1,457,2023-02-21
992,81,2,253,2023-10-18
993,131,3,191,2023-10-16
994,103,8,92,2023-07-31
995,158,6,373,2023-02-14
996,44,1,424,2023-11-06
997,123,5,492,2023-10-29
998,73,7,492,2023-10-31
999,119,8,317,2023-08-15
1000,196,1,109,2023-11-22
1001,42,3,419,2023-03-23
1002,162,5,122,2023-11-24
1003,180,4,355,2023-08-20
1004,102,7,418,2023-06-06
1005,135,6,364,2023-01-02
1006,140,2,366,2023-10-07
1007,158,3,42,2023-08-31
1008,52,2,334,2023-11-08
1009,158,8,433,2023-12-17
1010,42,6,337,2023-03-30
1011,36,1,376,2023-03-01
1012,129,8,369,2023-07-06
1013,104,8,470,2023-05-12
1014,78,4,466,2023-07-01
1015,142,1,82,2023-07-15
1016,103,1,365,2023-07-24
1017,122,5,128,2023-08-06
1018,198,5,279,2023-04-27
1019,53,2,421,2023-12-27
1020,183,5,292,2023-06-02
1021,150,7,220,2023-02-17
1022,119,1,204,2023-07-19
1023,97,2,5,2023-02-06
1024,89,2,60,2023-08-06
1025,196,2,166,2023-06-24
1026,72,8,149,2023-03-17
1027,179,1,476,2023-10-21
1028,15,5,83,2023-07-28
1029,126,1,477,2023-10-10
1030,8,6,327,2023-12-02
1031,46,3,203,2023-08-10
1032,64,4,378,2023-06-05
1033,106,1,299,2023-06-24
1034,158,7,403,2023-01-27
1035,54,4,56,2023-01-01
1036,131,2,108,2023-09-12
1037,135,8,335,2023-01-11
1038,120,8,236,2023-04-06
1039,23,7,312,2023-01-13
1040,119,5,138,2023-10-06
1041,145,4,478,2023-09-26
1042,101,6,499,2023-04-13
1043,142,2,297,2023-05-27
1044,198,8,160,2023-03-16
1045,65,4,214,2023-10-06
1046,124,6,255,2023-12-22
1047,66,7,416,2023-07-18
1048,58,7,181,2023-06-07
1049,124,2,185,2023-08-24
1050,104,5,142,2023-02-26
1051,152,3,489,2023-12-20
1052,167,7,356,2023-01-24
1053,161,5,398,2023-01-30
1054,110,3,283,2023-02-17
1055,64,6,278,2023-11-05
1056,47,3,462,2023-10-08
1057,126,4,435,2023-10-24
1058,80,7,99,2023-10-30
1059,83,3,13,2023-02-09
1060,167,5,11,2023-07-08
1061,109,6,291,2023-10-21
1062,73,8,154,2023-05-02
1063,81,4,335,2023-10-01
1064,1,1,248,2023-08-31
1065,30,5,475,2023-04-21
1066,166,5,187,2023-12-23
1067,117,6,362,2023-04-26
1068,65,7,206,2023-07-20
1069,132,3,182,2023-02-19
1070,99,6,90,2023-11-01
1071,115,5,443,2023-02-06
1072,84,4,52,2023-02-28
1073,120,7,31,2023-11-27
1074,155,5,252,2023-06-02
1075,65,8,486,2023-08-29
1076,181,2,382,2023-12-22
1077,131,3,8,2023-07-12
1078,142,6,113,2023-05-28
1079,123,8,158,2023-08-06
1080,67,1,103,2023-02-12
1081,98,3,37,2023-11-19
1082,124,7,150,2023-03-18
1083,159,6,414,2023-03-12
1084,11,7,101,2023-03-12
1085,196,6,141,2023-10-08
1086,141,7,157,2023-12-01
1087,50,5,300,2023-11-30
1088,158,2,487,2023-11-16
1089,58,4,141,2023-09-19
1090,71,8,356,2023-03-16
1091,105,7,92,2023-12-24
1092,192,4,4,2023-05-02
1093,66,7,244,2023-08-04
1094,84,2,399,2023-03-08
1095,182,4,461,2023-03-29
1096,185,4,51,2023-08-31
1097,72,4,469,2023-01-07
1098,137,6,452,2023-03-11
1099,106,6,463,2023-03-25
1100,93,2,185,2023-03-08
1101,143,6,482,2023-05-09
1102,45,5,74,2023-12-11
1103,72,1,414,2023-12-14
1104,159,4,122,2023-12-25
1105,45,1,447,2023-08-25
1106,19,7,72,2023-06-01
1107,91,8,326,2023-10-12
1108,15,7,103,2023-01-26
1109,103,2,145,2023-04-07
1110,29,5,335,2023-10-19
1111,116,8,325,2023-10-17
1112,69,3,344,2023-11-13
1113,160,5,179,2023-03-21
1114,15,8,124,2023-09-12
1115,9,7,68,2023-01-14
1116,43,8,215,2023-05-06
1117,104,3,496,2023-11-03
1118,127,8,415,2023-10-11
1119,12,6,403,2023-08-05
1120,91,8,145,2023-06-09
1121,181,5,314,2023-03-18
1122,139,4,241,2023-06-08
1123,106,1,55,2023-12-11
1124,177,8,96,2023-05-05
1125,7,7,127,2023-05-03
1126,67,8,260,2023-11-26
1127,86,7,469,2023-01-25
1128,156,1,224,2023-02-22
1129,117,6,383,2023-02-22
1130,16,5,471,2023-04-09
1131,167,1,434,2023-03-04
1132,41,3,475,2023-02-28
1133,105,3,258,2023-09-20
1134,130,5,80,2023-03-06
1135,159,6,7,2023-08-02
1136,14,1,62,2023-07-01
1137,16,7,347,2023-01-07
1138,46,2,19,2023-06-21
1139,97,5,492,2023-12-16
1140,161,6,158,2023-05-29
1141,117,6,31,2023-08-23
1142,173,5,205,2023-12-10
1143,42,5,433,2023-11-29
1144,69,4,118,2023-01-26
1145,48,3,39,2023-06-09
1146,151,2,493,2023-01-21
1147,23,2,307,2023-02-23
1148,59,1,26,2023-05-27
1149,194,2,39,2023-10-31
1150,70,4,135,2023-12-18
1151,28,8,443,2023-08-09
1152,96,4,214,2023-11-24
1153,14,5,470,2023-07-28
1154,135,6,139,2023-05-01
1155,123,2,162,2023-11-14
1156,197,5,242,2023-04-11
1157,66,4,103,2023-01-28
1158,175,3,400,2023-11-02
1159,181,3,96,2023-04-16
1160,121,6,301,2023-01-20
1161,49,4,215,2023-05-25
1162,6,6,206,2023-11-03
1163,149,8,462,2023-07-16
1164,114,8,444,2023-09-18
1165,132,7,156,2023-02-28
1166,77,5,269,2023-01-20
1167,24,3,350,2023-10-29
1168,29,2,250,2023-02-01
1169,20,1,82,2023-05-09
1170,6,4,336,2023-09-16
1171,200,8,425,2023-07-20
1172,191,7,129,2023-12-12
1173,118,3,376,2023-12-23
1174,139,1,366,2023-03-18
1175,43,7,314,2023-12-17
1176,143,2,6,2023-01-06
1177,157,2,148,2023-07-15
1178,124,2,71,2023-03-19
1179,13,8,177,2023-05-27
1180,28,7,260,2023-03-28
1181,96,7,201,2023-11-06
1182,30,7,58,2023-11-03
1183,64,3,79,2023-04-29
1184,3,2,258,2023-03-03
1185,113,8,236,2023-03-20
1186,32,7,62,2023-05-11
1187,186,4,276,2023-09-16
1188,36,5,130,2023-05-09
1189,93,3,381,2023-08-11
1190,187,8,92,2023-11-18
1191,192,3,461,2023-04-24
1192,82,6,246,2023-08-28
1193,74,1,431,2023-01-16
1194,40,6,227,2023-01-03
1195,1,5,296,2023-01-22
1196,186,8,266,2023-11-20
1197,187,4,63,2023-07-15
1198,50,7,397,2023-09-18
1199,190,8,7,2023-08-21
1200,51,8,5,2023-12-17
1201,56,1,152,2023-05-20
1202,155,7,278,2023-07-18
1203,158,3,454,2023-06-16
1204,84,4,108,2023-09-17
1205,156,3,349,2023-10-31
1206,13,6,55,2023-06-30
1207,184,7,18,2023-01-06
1208,2,2,104,2023-03-13
1209,141,3,134,2023-01-04
1210,93,7,137,2023-03-03
1211,71,6,185,2023-01-15
1212,199,1,163,2023-07-07
1213,43,6,202,2023-05-17
1214,151,2,247,2023-12-16
1215,92,8,338,2023-08-25
1216,76,8,289,2023-03-28
1217,115,7,221,2023-02-01
1218,25,1,22,2023-07-04
1219,96,4,112,2023-11-25
1220,60,7,320,2023-08-23
1221,162,7,477,2023-02-28
1222,151,1,283,2023-02-01
1223,24,5,324,2023-05-14
1224,21,5,30,2023-09-04
1225,129,7,93,2023-06-25
1226,67,6,284,2023-08-09
1227,87,6,283,2023-12-26
1228,105,1,409,2023-10-10
1229,124,3,67,2023-07-10
1230,66,6,253,2023-01-19
1231,102,2,112,2023-12-24
1232,18,1,459,2023-04-02
1233,83,8,322,2023-08-19
1234,30,6,199,2023-04-16
1235,13,3,472,2023-02-08
1236,57,6,254,2023-02-19
1237,61,5,23,2023-09-30
1238,188,2,393,2023-10-30
1239,12,8,476,2023-10-29
1240,49,1,224,2023-09-23
1241,120,4,363,2023-07-24
1242,193,6,378,2023-07-16
1243,40,2,242,2023-03-21
1244,190,5,47,2023-04-30
1245,18,6,356,2023-12-11
1246,105,7,178,2023-02-16
1247,164,6,114,2023-10-10
1248,127,1,81,2023-09-29
1249,156,4,391,2023-08-02
1250,6,2,465,2023-06-04
1251,102,1,385,2023-02-21
1252,130,3,122,2023-06-21
1253,85,6,199,2023-10-23
1254,35,7,208,2023-09-08
1255,174,2,338,2023-10-15
1256,81,6,73,2023-05-19
1257,152,8,480,2023-05-11
1258,69,7,107,2023-07-12
1259,164,6,4,2023-11-12
1260,187,6,85,2023-03-07
1261,177,8,58,2023-06-05
1262,89,1,419,2023-06-17
1263,19,2,370,2023-08-06
1264,135,7,300,2023-05-21
1265,149,6,272,2023-11-08
1266,167,7,93,2023-07-17
1267,35,3,396,2023-11-04
1268,71,7,378,2023-07-11
1269,42,2,173,2023-02-09
1270,48,1,324,2023-10-12
1271,56,5,371,2023-07-27
1272,124,8,130,2023-12-17
1273,43,3,347,2023-12-03
1274,81,2,337,2023-03-10
1275,172,3,295,2023-08-12
1276,30,6,293,2023-06-02
1277,107,3,139,2023-09-28
1278,2,8,289,2023-05-13
1279,2,4,87,2023-12-06
1280,192,3,377,2023-03-01
1281,127,5,311,2023-04-21
1282,184,2,334,2023-03-20
1283,171,4,135,2023-11-04
1284,194,8,202,2023-09-24
1285,92,7,203,2023-09-30
1286,6,2,184,2023-08-31
1287,177,8,13,2023-12-28
1288,31,4,58,2023-03-23
1289,150,7,180,2023-07-18
1290,54,2,486,2023-11-18
1291,141,8,295,2023-10-06
1292,24,2,111,2023-10-12
1293,112,2,94,2023-08-31
1294,96,1,141,2023-10-16
1295,22,8,460,2023-03-25
1296,94,8,37,2023-01-12
1297,48,1,211,2023-04-22
1298,107,3,428,2023-11-12
1299,62,6,136,2023-11-07
1300,127,2,207,2023-08-08
1301,186,7,496,2023-09-22
1302,62,4,223,2023-09-25
1303,138,4,198,2023-04-13
1304,88,7,324,2023-04-27
1305,155,7,23,2023-12-24
1306,176,4,329,2023-11-03
1307,122,6,56,2023-03-27
1308,179,2,364,2023-05-18
1309,179,2,242,2023-02-17
1310,177,6,43,2023-01-13
1311,26,8,276,2023-02-03
1312,88,5,375,2023-08-16
1313,53,1,478,2023-12-19
1314,188,6,151,2023-07-13
1315,48,6,380,2023-03-20
1316,40,8,399,2023-02-23
1317,135,8,188,2023-10-14
1318,65,5,342,2023-03-02
1319,115,2,40,2023-05-04
1320,171,8,260,2023-05-15
1321,57,3,427,2023-03-03
1322,70,8,150,2023-01-15
1323,173,2,461,2023-09-14
1324,25,2,201,2023-08-22
1325,176,2,466,2023-08-11
1326,79,7,81,2023-06-10
1327,25,2,408,2023-07-10
1328,85,1,172,2023-09-09
1329,55,8,441,2023-05-22
1330,94,8,386,2023-01-26
1331,18,6,383,2023-06-28
1332,157,1,386,2023-06-02
1333,100,2,371,2023-11-04
1334,151,7,285,2023-09-07
1335,123,7,171,2023-01-13
1336,4,4,8,2023-03-01
1337,129,8,149,2023-10-08
1338,81,4,469,2023-08-25
1339,163,3,492,2023-01-10
1340,57,8,227,2023-07-27
1341,20,6,219,2023-03-25
1342,118,2,41,2023-12-11
1343,131,8,202,2023-05-26
1344,83,7,244,2023-03-01
1345,129,5,162,2023-12-26
1346,173,8,55,2023-03-09
1347,18,1,195,2023-04-16
1348,172,2,97,2023-07-08
1349,57,5,91,2023-11-08
1350,2,1,110,2023-01-26
1351,66,4,390,2023-09-03
1352,168,5,307,2023-09-26
1353,89,7,75,2023-09-10
1354,25,7,304,2023-11-23
1355,157,7,352,2023-12-12
1356,20,3,381,2023-07-09
1357,79,3,409,2023-12-19
1358,125,1,197,2023-07-20
1359,27,4,238,2023-01-29
1360,8,2,196,2023-09-11
1361,28,3,314,2023-05-03
1362,97,8,228,2023-01-13
1363,28,6,143,2023-09-10
1364,68,2,392,2023-08-16
1365,25,5,337,2023-11-10
1366,38,4,88,2023-06-13
1367,51,5,201,2023-01-19
1368,152,3,23,2023-11-12
1369,160,5,106,2023-09-25
1370,103,4,216,2023-08-30
1371,143,8,385,2023-07-18
1372,149,8,198,2023-08-07
1373,136,7,425,2023-07-07
1374,144,1,370,2023-03-11
1375,113,8,126,2023-10-05
1376,20,4,100,2023-10-14
1377,17,4,179,2023-08-31
1378,1,6,360,2023-10-01
1379,152,3,204,2023-02-23
1380,64,6,218,2023-10-18
1381,61,3,88,2023-08-11
1382,106,2,126,2023-12-24
1383,171,6,171,2023-02-20
1384,62,3,267,2023-11-18
1385,3,6,281,2023-07-13
1386,25,3,347,2023-02-14
1387,149,7,153,2023-08-01
1388,101,1,394,2023-10-17
1389,27,7,122,2023-11-28
1390,79,7,214,2023-10-09
1391,66,6,284,2023-02-19
1392,59,7,152,2023-02-21
1393,7,2,383,2023-07-29
1394,97,7,180,2023-05-14
1395,110,5,132,2023-12-27
1396,61,1,104,2023-12-20
1397,133,4,475,2023-08-12
1398,123,8,69,2023-10-06
1399,187,2,303,2023-08-17
1400,23,2,259,2023-09-18
1401,46,4,50,2023-11-14
1402,115,3,129,2023-07-17
1403,182,2,105,2023-12-08
1404,76,6,411,2023-05-22
1405,163,4,13,2023-05-23
1406,146,8,48,2023-09-21
1407,39,2,282,2023-08-08
1408,151,7,303,2023-02-24
1409,19,6,102,2023-05-07
1410,22,2,40,2023-09-03
1411,107,5,10,2023-10-31
1412,89,4,213,2023-11-30
1413,49,5,141,2023-09-11
1414,173,4,302,2023-06-09
1415,20,6,183,2023-12-12
1416,92,6,298,2023-08-08
1417,29,8,79,2023-03-30
1418,182,3,49,2023-06-17
1419,136,6,119,2023-04-20
1420,50,1,464,2023-05-29
1421,102,5,125,2023-06-26
1422,48,8,372,2023-01-21
1423,140,2,223,2023-01-25
1424,67,4,169,2023-03-26
1425,4,2,362,2023-12-16
1426,111,7,269,2023-05-01
1427,132,3,43,2023-03-13
1428,164,1,359,2023-06-28
1429,200,4,318,2023-03-19
1430,140,3,296,2023-04-06
1431,136,5,251,2023-12-15
1432,149,1,488,2023-06-07
1433,169,1,134,2023-04-30
1434,100,6,230,2023-01-01
1435,170,1,443,2023-10-18
1436,146,8,116,2023-03-28
1437,121,5,89,2023-06-30
1438,151,4,487,2023-02-18
1439,53,1,260,2023-12-24
1440,16,7,6,2023-11-27
1441,177,7,422,2023-05-11
1442,135,4,269,2023-11-22
1443,125,3,38,2023-07-22
1444,44,7,444,2023-11-08
1445,177,6,469,2023-05-04
1446,149,1,210,2023-05-02
1447,86,1,223,2023-05-11
1448,55,2,180,2023-09-03
1449,150,8,219,2023-04-08
1450,82,5,170,2023-07-01
1451,41,3,438,2023-08-14
1452,100,7,381,2023-02-03
1453,147,4,253,2023-10-17
1454,90,8,54,2023-11-04
1455,60,2,471,2023-03-20
1456,173,8,361,2023-04-10
1457,110,8,251,2023-01-24
1458,56,1,90,2023-10-29
1459,181,6,464,2023-11-25
1460,149,5,193,2023-06-15
1461,25,7,19,2023-08-17
1462,39,5,356,2023-12-21
1463,44,6,494,2023-08-14
1464,55,2,298,2023-12-19
1465,78,4,190,2023-03-22
1466,127,5,493,2023-10-01
1467,13,6,163,2023-08-28
1468,182,6,259,2023-06-22
1469,137,2,94,2023-11-23
1470,40,4,159,2023-01-08
1471,199,3,351,2023-11-06
1472,142,3,241,2023-11-01
1473,40,7,336,2023-10-24
1474,92,8,362,2023-03-07
1475,135,4,333,2023-11-17
1476,89,6,6,2023-10-12
1477,55,3,223,2023-10-15
1478,168,5,264,2023-04-04
1479,11,5,11,2023-08-05
1480,27,8,469,2023-07-20
1481,4,7,142,2023-01-03
1482,50,5,69,2023-01-20
1483,122,8,25,2023-03-21
1484,155,7,392,2023-04-18
1485,166,1,114,2023-08-22
1486,195,2,405,2023-03-28
1487,27,4,346,2023-06-14
1488,84,3,207,2023-01-04
1489,16,8,393,2023-08-16
1490,44,6,352,2023-12-23
1491,199,4,335,2023-06-08
1492,78,1,177,2023-12-14
1493,42,8,374,2023-09-30
1494,139,6,221,2023-07-02
1495,88,5,92,2023-08-08
1496,85,1,479,2023-12-02
1497,62,8,55,2023-09-29
1498,124,4,411,2023-05-30
1499,62,1,308,2023-12-06
1500,136,6,109,2023-04-08
1501,157,8,57,2023-06-15
1502,67,7,403,2023-08-07
1503,133,1,211,2023-02-28
1504,15,7,61,2023-05-19
1505,5,1,487,2023-07-06
1506,73,6,261,2023-03-15
1507,19,2,352,2023-12-20
1508,45,6,133,2023-06-08
1509,40,7,309,2023-02-13
1510,194,6,18,2023-07-22
1511,128,7,78,2023-12-07
1512,61,8,340,2023-04-11
1513,95,2,89,2023-12-31
1514,160,2,340,2023-09-16
1515,185,4,65,2023-03-21
1516,173,6,397,2023-08-28
1517,29,2,226,2023-12-02
1518,97,4,197,2023-09-01
1519,69,8,243,2023-10-21
1520,166,5,442,2023-03-02
1521,195,5,303,2023-02-20
1522,59,4,494,2023-09-24
1523,174,3,441,2023-01-20
1524,67,5,498,2023-05-04
1525,126,1,364,2023-07-27
1526,185,6,37,2023-10-08
1527,42,6,123,2023-04-30
1528,101,4,3,2023-12-18
1529,135,6,117,2023-12-07
1530,115,1,338,2023-05-23
1531,116,7,53,2023-07-19
1532,144,3,96,2023-10-18
1533,38,1,154,2023-11-03
1534,64,6,178,2023-02-26
1535,83,5,93,2023-09-21
1536,153,4,156,2023-08-02
1537,176,8,412,2023-12-27
1538,47,4,359,2023-10-28
1539,110,1,276,2023-01-15
1540,136,1,148,2023-06-11
1541,94,5,292,2023-05-31
1542,9,2,102,2023-08-16
1543,90,4,424,2023-02-06
1544,189,3,340,2023-11-20
1545,28,7,124,2023-06-25
1546,30,2,423,2023-10-28
1547,190,8,183,2023-09-06
1548,98,1,86,2023-05-07
1549,49,6,368,2023-06-03
1550,16,6,87,2023-08-17
1551,190,1,225,2023-02-06
1552,20,1,222,2023-01-13
1553,156,8,363,2023-12-11
1554,64,1,474,2023-11-23
1555,197,4,363,2023-06-21
1556,58,1,236,2023-04-14
1557,89,7,419,2023-01-05
1558,147,4,303,2023-04-23
1559,173,4,323,2023-04-11
1560,25,6,448,2023-01-16
1561,60,8,370,2023-03-29
1562,159,5,275,2023-04-03
1563,82,5,323,2023-03-26
1564,77,6,426,2023-06-11
1565,149,4,112,2023-09-25
1566,139,6,205,2023-06-03
1567,56,4,276,2023-02-06
1568,142,5,125,2023-05-08
1569,7,3,485,2023-10-10
1570,116,6,313,2023-11-19
1571,69,1,214,2023-12-16
1572,171,7,117,2023-09-22
1573,55,2,308,2023-11-15
1574,133,7,248,2023-08-31
1575,188,6,262,2023-02-20
1576,160,7,173,2023-06-21
1577,38,2,24,2023-03-04
1578,167,7,64,2023-10-30
1579,165,3,88,2023-06-12
1580,114,7,39,2023-11-23
1581,16,2,485,2023-03-06
1582,19,2,194,2023-10-18
1583,51,6,411,2023-10-26
1584,126,7,453,2023-09-16
1585,9,8,393,2023-12-01
1586,144,6,421,2023-01-08
1587,140,1,88,2023-02-15
1588,6,4,94,2023-06-03
1589,97,5,93,2023-12-11
1590,192,4,126,2023-01-17
1591,150,8,44,2023-02-26
1592,107,6,466,2023-06-03
1593,178,4,250,2023-11-14
1594,145,6,180,2023-10-03
1595,9,5,446,2023-08-27
1596,34,3,158,2023-05-08
1597,158,6,159,2023-05-08
1598,123,4,218,2023-07-13
1599,31,6,49,2023-08-09
1600,99,8,377,2023-10-26
1601,167,2,281,2023-06-13
1602,150,5,441,2023-04-16
1603,7,7,89,2023-10-08
1604,31,4,147,2023-10-03
1605,86,3,176,2023-05-02
1606,169,8,144,2023-01-16
1607,113,1,382,2023-01-04
1608,21,1,269,2023-09-26
1609,196,1,156,2023-10-19
1610,73,1,411,2023-12-24
1611,19,4,24,2023-07-09
1612,174,3,216,2023-10-07
1613,46,8,275,2023-12-18
1614,125,3,409,2023-03-09
1615,192,8,471,2023-05-20
1616,154,3,426,2023-12-02
1617,132,7,59,2023-12-04
1618,171,7,321,2023-01-07
1619,10,1,312,2023-09-23
1620,159,1,296,2023-01-17
1621,40,3,14,2023-08-03
1622,117,4,499,2023-03-24
1623,155,3,371,2023-01-26
1624,152,4,450,2023-05-21
1625,58,7,63,2023-03-10
1626,65,7,59,2023-02-05
1627,55,6,229,2023-08-26
1628,197,1,35,2023-10-30
1629,40,8,373,2023-08-07
1630,5,3,262,2023-09-28
1631,3,4,379,2023-05-06
1632,106,6,405,2023-02-01
1633,144,3,454,2023-04-22
1634,199,8,9,2023-10-25
1635,5,1,354,2023-05-09
1636,162,6,492,2023-02-04
1637,63,6,82,2023-06-30
1638,154,7,478,2023-09-26
1639,26,7,196,2023-09-13
1640,9,3,43,2023-09-03
1641,10,5,228,2023-04-06
1642,54,4,295,2023-04-17
1643,44,1,420,2023-01-04
1644,195,7,161,2023-08-19
1645,129,1,143,2023-10-17
1646,45,2,347,2023-03-26
1647,12,3,178,2023-06-11
1648,168,1,157,2023-12-07
1649,67,4,405,2023-08-06
1650,5,4,320,2023-08-22
1651,140,7,385,2023-03-01
1652,41,7,373,2023-11-10
1653,12,2,447,2023-01-07
1654,146,7,77,2023-12-13
1655,126,5,134,2023-12-22
1656,79,8,343,2023-07-31
1657,106,7,371,2023-04-11
1658,47,2,203,2023-04-02
1659,48,2,126,2023-04-12
1660,70,3,104,2023-09-20
1661,178,6,318,2023-10-25
1662,142,1,297,2023-07-24
1663,18,7,308,2023-12-03
1664,67,5,147,2023-12-19
1665,139,1,233,2023-12-15
1666,45,3,309,2023-12-10
1667,189,2,20,2023-10-07
1668,20,8,150,2023-04-24
1669,57,4,76,2023-12-31
1670,80,5,426,2023-02-21
1671,112,1,139,2023-09-21
1672,152,8,129,2023-12-30
1673,126,5,431,2023-04-17
1674,2,1,484,2023-10-31
1675,9,1,368,2023-05-28
1676,157,7,96,2023-11-27
1677,54,6,26,2023-07-06
1678,29,3,459,2023-12-25
1679,123,1,368,2023-01-30
1680,101,4,448,2023-07-18
1681,141,5,204,2023-07-01
1682,180,1,448,2023-02-04
1683,83,1,301,2023-11-08
1684,80,6,368,2023-03-14
1685,75,7,165,2023-03-05
1686,87,1,393,2023-10-01
1687,192,1,107,2023-04-03
1688,51,2,107,2023-01-13
1689,84,8,264,2023-05-24
1690,173,2,147,2023-11-18
1691,109,3,372,2023-01-15
1692,189,2,383,2023-08-02
1693,56,6,332,2023-02-13
1694,71,2,290,2023-02-13
1695,198,3,463,2023-02-07
1696,28,7,479,2023-01-19
1697,123,1,227,2023-04-19
1698,133,3,430,2023-11-21
1699,65,5,396,2023-10-18
1700,36,8,107,2023-12-02
1701,34,5,311,2023-09-17
1702,19,4,36,2023-04-04
1703,40,7,422,2023-03-30
1704,164,7,92,2023-08-21
1705,73,8,395,2023-09-12
1706,78,6,257,2023-05-26
1707,198,8,325,2023-08-19
1708,176,2,484,2023-07-01
1709,10,7,273,2023-08-22
1710,123,1,35,2023-08-31
1711,148,6,106,2023-11-04
1712,73,4,5,2023-10-16
1713,147,4,192,2023-07-31
1714,84,5,61,2023-10-05
1715,71,8,457,2023-05-15
1716,163,4,497,2023-06-07
1717,140,7,377,2023-02-22
1718,120,4,182,2023-04-10
1719,34,4,101,2023-05-25
1720,124,3,236,2023-01-09
1721,165,4,26,2023-04-25
1722,100,3,396,2023-08-25
1723,102,5,251,2023-11-21
1724,63,1,304,2023-01-22
1725,107,1,373,2023-05-27
1726,57,2,431,2023-03-17
1727,194,3,256,2023-01-19
1728,188,3,48,2023-12-15
1729,36,4,297,2023-08-12
1730,175,3,443,2023-05-15
1731,157,5,329,2023-07-23
1732,109,8,450,2023-10-19
1733,190,6,292,2023-04-28
1734,191,8,239,2023-09-06
1735,165,4,322,2023-10-16
1736,39,2,432,2023-05-31
1737,151,5,335,2023-06-25
1738,197,2,30,2023-03-07
1739,43,2,75,2023-08-20
1740,94,5,201,2023-06-30
1741,167,4,359,2023-12-25
1742,200,3,163,2023-05-20
1743,107,1,68,2023-05-08
1744,126,6,1,2023-03-10
1745,41,2,369,2023-09-30
1746,56,1,441,2023-12-31
1747,113,2,464,2023-04-19
1748,179,2,205,2023-03-19
1749,95,2,286,2023-02-01
1750,15,3,151,2023-11-04
1751,88,8,270,2023-11-14
1752,121,1,101,2023-03-02
1753,59,8,232,2023-04-25
1754,41,6,141,2023-11-19
1755,122,2,343,2023-02-01
1756,160,5,50,2023-08-10
1757,183,1,393,2023-04-05
1758,200,8,330,2023-07-31
1759,40,3,4,2023-11-24
1760,184,8,125,2023-11-28
1761,111,5,197,2023-04-14
1762,182,7,273,2023-07-16
1763,28,6,244,2023-06-04
1764,95,5,282,2023-08-27
1765,98,8,168,2023-03-14
1766,105,2,157,2023-08-19
1767,92,4,24,2023-12-01
1768,11,1,406,2023-06-02
1769,67,5,253,2023-09-26
1770,178,4,436,2023-03-15
1771,10,7,471,2023-06-28
1772,162,2,138,2023-05-21
1773,160,8,363,2023-03-10
1774,100,6,329,2023-05-09
1775,167,2,323,2023-12-30
1776,65,3,176,2023-02-17
1777,31,6,312,2023-08-23
1778,131,5,363,2023-05-02
1779,51,8,185,2023-10-16
1780,183,3,333,2023-01-08
1781,60,1,264,2023-03-28
1782,9,5,61,2023-06-02
1783,48,4,332,2023-11-26
1784,55,7,175,2023-04-24
1785,157,8,500,2023-08-18
1786,170,8,250,2023-05-10
1787,28,4,397,2023-04-12
1788,133,2,331,2023-04-09
1789,33,1,312,2023-01-18
1790,86,3,71,2023-09-22
1791,196,2,326,2023-08-11
1792,179,6,207,2023-03-09
1793,7,2,469,2023-05-02
1794,111,6,254,2023-03-29
1795,192,6,424,2023-07-10
1796,35,2,379,2023-06-13
1797,50,2,247,2023-04-27
1798,78,5,119,2023-02-19
1799,101,2,294,2023-07-05
1800,191,4,134,2023-02-10
1801,4,5,155,2023-07-29
1802,143,5,60,2023-07-21
1803,89,2,56,2023-09-18
1804,200,7,160,2023-12-04
1805,40,4,113,2023-04-18
1806,77,6,139,2023-11-05
1807,91,5,157,2023-03-22
1808,60,6,477,2023-03-16
1809,19,6,58,2023-07-03
1810,50,2,50,2023-03-08
1811,158,2,127,2023-06-28
1812,108,2,399,2023-06-21
1813,81,6,15,2023-03-25
1814,151,1,416,2023-09-21
1815,115,8,366,2023-02-02
1816,115,6,346,2023-12-02
1817,24,1,479,2023-11-30
1818,109,1,446,2023-10-28
1819,170,8,437,2023-04-12
1820,155,8,427,2023-04-29
1821,4,7,242,2023-06-24
1822,54,2,281,2023-05-26
1823,186,2,458,2023-05-06
1824,125,5,294,2023-05-07
1825,49,4,500,2023-07-29
1826,124,6,465,2023-03-01
1827,5,6,271,2023-04-05
1828,110,2,355,2023-04-29
1829,193,5,397,2023-07-30
1830,148,3,157,2023-10-11
1831,76,8,104,2023-08-26
1832,110,3,31,2023-12-25
1833,103,2,427,2023-12-10
1834,198,2,203,2023-11-23
1835,20,5,214,2023-10-07
1836,128,3,208,2023-01-19
1837,61,5,365,2023-06-11
1838,101,5,490,2023-04-25
1839,80,6,355,2023-04-19
1840,73,7,175,2023-01-20
1841,144,2,425,2023-12-20
1842,171,8,322,2023-07-03
1843,178,6,194,2023-07-16
1844,72,3,302,2023-11-21
1845,109,1,299,2023-08-27
1846,117,5,30,2023-09-09
1847,154,1,122,2023-01-16
1848,82,7,313,2023-09-22
1849,59,6,466,2023-08-11
1850,67,4,200,2023-11-23
1851,104,5,296,2023-10-10
1852,8,1,132,2023-12-22
1853,51,4,292,2023-05-31
1854,128,1,57,2023-02-02
1855,64,3,68,2023-08-23
1856,168,3,86,2023-02-09
1857,107,1,213,2023-12-11
1858,193,1,31,2023-12-05
1859,8,7,93,2023-11-16
1860,30,1,6,2023-09-20
1861,20,7,346,2023-10-22
1862,186,8,114,2023-08-21
1863,187,3,371,2023-04-05
1864,132,7,36,2023-12-28
1865,139,7,109,2023-03-08
1866,149,4,285,2023-06-15
1867,106,8,208,2023-09-05
1868,48,7,471,2023-01-08
1869,26,7,293,2023-02-18
1870,82,8,400,2023-06-16
1871,156,8,156,2023-03-27
1872,182,1,288,2023-11-26
1873,188,6,495,2023-06-14
1874,66,8,346,2023-02-22
1875,165,7,300,2023-10-22
1876,199,4,205,2023-07-25
1877,33,8,169,2023-05-31
1878,65,3,14,2023-02-11
1879,17,5,378,2023-11-09
1880,58,6,73,2023-12-03
1881,150,4,232,2023-04-15
1882,124,8,413,2023-04-29
1883,122,4,123,2023-12-31
1884,46,2,381,2023-03-11
1885,164,4,377,2023-10-20
1886,48,6,236,2023-03-26
1887,93,8,231,2023-11-10
1888,122,2,259,2023-01-15
1889,160,7,30,2023-03-02
1890,41,6,375,2023-10-31
1891,90,4,130,2023-07-29
1892,41,3,314,2023-06-16
1893,29,4,445,2023-08-15
1894,74,6,90,2023-11-26
1895,119,4,341,2023-12-28
1896,127,3,63,2023-11-04
1897,75,5,471,2023-02-26
1898,54,7,434,2023-04-30
1899,158,3,303,2023-12-31
1900,43,7,388,2023-10-09
1901,18,5,468,2023-01-07
1902,198,2,65,2023-10-01
1903,117,5,92,2023-08-03
1904,149,1,84,2023-10-20
1905,116,3,461,2023-11-02
1906,54,5,187,2023-06-27
1907,109,6,363,2023-01-26
1908,47,2,306,2023-05-10
1909,87,5,69,2023-09-08
1910,119,7,337,2023-02-16
1911,2,1,257,2023-04-09
1912,143,3,260,2023-04-16
1913,128,6,151,2023-09-05
1914,122,4,478,2023-12-19
1915,117,4,83,2023-04-07
1916,91,7,341,2023-07-08
1917,97,1,396,2023-07-12
1918,165,1,27,2023-10-17
1919,196,1,323,2023-12-20
1920,25,7,286,2023-09-14
1921,101,2,217,2023-09-27
1922,86,8,113,2023-07-13
1923,200,5,55,2023-06-23
1924,176,8,405,2023-01-15
1925,110,8,492,2023-03-16
1926,17,3,323,2023-05-11
1927,38,5,353,2023-05-13
1928,58,8,299,2023-06-06
1929,54,8,250,2023-09-21
1930,144,3,276,2023-02-20
1931,145,4,230,2023-06-13
1932,85,3,275,2023-01-29
1933,81,8,331,2023-10-10
1934,45,5,447,2023-02-11
1935,86,3,116,2023-02-03
1936,141,3,312,2023-04-13
1937,165,2,286,2023-01-15
1938,115,8,208,2023-12-24
1939,145,2,439,2023-01-03
1940,150,4,280,2023-05-26
1941,54,7,380,2023-03-09
1942,141,2,107,2023-11-19
1943,184,8,167,2023-05-21
1944,168,8,101,2023-09-23
1945,131,2,84,2023-03-07
1946,33,4,206,2023-01-02
1947,136,3,85,2023-01-02
1948,194,4,389,2023-11-23
1949,160,7,275,2023-10-21
1950,120,8,122,2023-05-27
1951,109,8,365,2023-01-26
1952,20,1,34,2023-10-13
1953,179,1,328,2023-12-10
1954,200,4,409,2023-05-10
1955,146,8,454,2023-01-21
1956,178,3,66,2023-11-10
1957,161,3,17,2023-06-28
1958,164,4,274,2023-06-14
1959,100,6,462,2023-07-06
1960,24,4,388,2023-04-30
1961,152,8,229,2023-01-01
1962,63,4,180,2023-10-04
1963,24,8,275,2023-05-01
1964,104,2,157,2023-06-12
1965,8,6,8,2023-08-01
1966,173,3,190,2023-01-22
1967,35,3,101,2023-11-02
1968,86,1,165,2023-01-01
1969,142,5,401,2023-06-10
1970,77,5,461,2023-11-05
1971,177,4,304,2023-08-13
1972,150,2,487,2023-12-22
1973,110,1,445,2023-06-08
1974,101,7,454,2023-06-29
1975,101,2,207,2023-09-22
1976,57,3,118,2023-09-13
1977,5,6,349,2023-05-02
1978,129,8,381,2023-04-08
1979,172,2,54,2023-05-21
1980,7,6,229,2023-11-30
1981,140,4,392,2023-12-06
1982,187,3,26,2023-02-03
1983,102,1,25,2023-01-29
1984,114,8,190,2023-12-02
1985,179,5,352,2023-03-29
1986,158,5,166,2023-05-31
1987,139,4,220,2023-06-13
1988,96,6,234,2023-04-24
1989,121,2,298,2023-05-10
1990,25,2,212,2023-01-20
1991,58,2,277,2023-06-28
1992,164,4,182,2023-05-27
1993,64,5,351,2023-10-12
1994,174,1,319,2023-11-09
1995,140,6,381,2023-09-07
1996,129,5,149,2023-07-22
1997,124,5,64,2023-07-13
1998,157,2,418,2023-02-19
1999,191,8,452,2023-09-11
2000,131,7,59,2023-01-21
